address,open_events,rewards_random2
0x0058638e4fc0be972ea37e6418c4100ac4d126b7,1,[375]
0x006254729ad977042210071b2e118c82739a191b,29,"[500, 125]"
0x006c4fd19b757aff1725dbdd734317a55d4268ad,1,[180]
0x0095695460b22f50bb4eaf7aea35b99deee97f10,2,"[300, 180]"
0x00e7b49dbc4c2a64fe679ed0d00533f4d8d9895e,1,[300]
0x026eb6b8bb5a66fb9ac2a0dd69db199dc2f0a579,2,"[180, 180]"
0x02d62fc180163f3445564b31b1fc85ecd6c3cd1b,3,"[180, 300]"
0x0301c4e5091a8758a2be546144fccc9c9ddd0d36,1,[300]
0x03525efe64b8d80600f2f63db012a3224be0c831,1,[180]
0x038aaa31d75ef5dc0783f9fde5422a7b928a3111,1,[375]
0x044e427f262c3a3329afe4ed86b8f5b3f0a9484f,8,"[500, 300]"
0x05518813709d67d802cdc4f56ef42964b5e42dbb,3,"[375, 500]"
0x0574f40bd452db95b5b402b329687e60679042e0,1,[125]
0x05b75b1a514b49dbbbb8ef180fafaf2bd96a511c,5,"[500, 500]"
0x0661a732b3b3e64145dbdd5cc418cec98adba490,1,[500]
0x072586a772d7d45a8454436f146af669c8d2c287,1,[180]
0x0831753090b8aee0d790166cbc5a4368e2c06363,1,[300]
0x08f3f2665c7df17a99fc7c90e79808d533848b8a,1,[180]
0x093380eeb38e7011bf53e164b0a6cdc3410bbae4,5,"[250, 125]"
0x0b061f7c83557032dbc4279435da369d7bceb4fa,2,"[250, 125]"
0x0cdc36be1dca2f0eea6fed9ff73e14a762a99009,1,[375]
0x0fe6d76e51ed2b876d3f81c2fa0c8e49c171b515,1,[125]
0x14378313e38e53667bd7ee1765ea01709598212c,1,[180]
0x1443da045e7709952d0549ce37de8eec99ef6605,28,"[375, 180]"
0x1522c627472ce025df05d9630fa51779683ba698,2,"[300, 500]"
0x15474ae57d34eceeb0c906a67dabb449e77640e6,1,[180]
0x16356f0dc7f6c8423e5daa899cfde7162f58159f,1,[250]
0x16dafbd15b1118c5e774f4d5862efc846d12aab7,1,[180]
0x1746258666dc4284d5a8907319b83e500262ff87,1,[250]
0x1793b20dd43b24ade33eeeea8bc588624fe9cc85,2,"[250, 375]"
0x186d89f5c39ca240b9177004a1643f69771bde3b,1,[125]
0x1916db2419f06a5e351df2e7eb376caa9c424c7f,1,[300]
0x19904ea07318aad263f48df9a96b15e3c64129e1,1,[300]
0x19bd7171dd672cec1da775b9b4b1a572e7c6f0fb,1,[250]
0x19c4401ed064dfec75141f9117940ef68a889e20,1,[300]
0x1b2d134fc716561afbf8ccef56568d18c28a34aa,4,"[375, 300]"
0x1b9826b1fe5397c0cb5455fbb8d7aa2d4e4b282e,1,[125]
0x1c0bc7e6b77869579df15811f88c60605c9c8ffe,5,"[180, 180]"
0x1c15cabcbcb7ab34dd84a1ee637b666bdcc22ca6,1,[180]
0x1c2e55ceb8c1095953d36400f054eb682d8d1337,1,[300]
0x1c8a0436c05e08d24adddfe7cb9e14e2ae7aa6fc,1,[300]
0x1dd8a6080108ca42df8929c225ad181b88663e5f,2,"[125, 375]"
0x1edfb240b93baa8665021c9df460136e43a912f5,1,[250]
0x20bf7be7e7ebde42b8865ca7834b9ae57e4b1ee5,4,"[180, 375]"
0x2143c163a8a545376f51b49567365e9619d9de09,1,[125]
0x21eb6b7a61eb03e4e49d5361a6048c46d68a8e95,1,[300]
0x229046b46ae85f300b8f90060d72e209f0e1cbb6,1,[125]
0x251ff61a8b0587902c527143f42fdba479bfd867,2,"[250, 500]"
0x25bcaa146bf2a079adc7c77c684e161bfef7d9fa,1,[300]
0x26361cb20645513b8f7165d2b2c550d5632cb00e,5,"[300, 300]"
0x2736a3efa82a92c1fae2fd76166b4b75bf19241c,1,[125]
0x2756864478a63ff694da828e966abe2c75195456,2,"[125, 125]"
0x2763d38d91471734ed3ebce4d80344ee6f716530,1,[375]
0x291209581d2971c04cf4c68cc3a51e94b8540e83,1,[375]
0x2b4f23c2dc2e65690ee4d59314d7f9a1bd2aa48d,4,"[125, 500]"
0x2b8a39a376f40884b5b78da1339e63777bea2a17,12,"[125, 250]"
0x2bed7b739b2edb5f2bda8605155b1fb990a9f259,1,[125]
0x2ce577e7d32230452e9b6f2198b91708e56befaf,1,[300]
0x2cecf610640f9e922363ce51d63244dba09a2111,3,"[125, 180]"
0x2deae0ad4dcf0ea6c601197f78a1a2bd63db8fb7,3,"[250, 300]"
0x2e69496ad8a25f71da241b84a08929ec4813ee77,2,"[250, 250]"
0x2f50a610740aceaa965b7b36332c7ea2cf368543,1,[180]
0x2faedeada50764e98f204048c1af285101b60c6a,2,"[180, 180]"
0x3005fcfb7da051ad4124834376e621196fdea75d,1,[500]
0x30a3ff94d3419d144f328572c621b46a2f79d314,4,"[300, 300]"
0x32f6f912133d4c36879c79a1415f2e1fb39432ee,1,[125]
0x33775f8094bfeaa1bb7bc1a7c8a6ee427d506dc0,1,[250]
0x33bcbec67ffa82c71f17b5293920956adc71bebe,1,[125]
0x33f582c09cb396e9ac217676834cd3b0296cb552,1,[180]
0x34c10ce2515b62af7bfe5bf3b0f7025d56ce2f86,2,"[180, 375]"
0x355c966328bfcf5c354057fcd25f6ada307ff670,1,[125]
0x38974ed6e82c82c680c248718d426b189c86ff09,2,"[180, 125]"
0x38afaedb78e2a0018860b06fe231292184ca14c3,1,[180]
0x38f7bbceab52e0ef4f3f46d9b58f76a8d2834a64,4,"[375, 500]"
0x39f06d8df986e0a108ef38bddeffea9fd2f7514f,1,[125]
0x3a6bfe2b87b4b7d8ec76142d0ada23fce10b74b0,1,[125]
0x3a805011a0d5c4c4e75dffebbc77ad598aa257e0,1,[125]
0x3af6a3be911e41845381f96f401cbfa89b0260d6,1,[125]
0x3b3d96d7ba6d981ed0861e54d6298947b495f68f,5,"[500, 125]"
0x3c3dfd0271dd755f072fc4446294b1e0a2824253,2,"[375, 180]"
0x3d54ff5667b4e6a48ccf61f9e588652e7511515b,1,[180]
0x3efc393210b41f23f2c3ceb908a2fce1d3252668,1,[180]
0x40609968555390bd0745ba0ff2193d27cf03804b,1,[125]
0x40c199277a08eea467df1de367987536b323808a,20,"[180, 125]"
0x420b7d4378c9cc3f35cb0ad91fe91dbea35af03d,1,[180]
0x4316d175db9b7bcc6edd00513f0389dfa967bd77,2,"[375, 180]"
0x43253e24e4e9c12f8529c58e952b91379d8825db,2,"[180, 375]"
0x44604878c553afd783a47df9c1631d13c4d43b3f,1,[250]
0x44b35701806fa3cb65ad7352e9fc5e5afa322579,1,[180]
0x458c633f8e2e22e0ed48386ef548adff011e81b0,2,"[300, 250]"
0x4621d11ab2c6192eccfd217274d4ea7037688322,2,"[500, 250]"
0x46f19dd84de1696d3d9018fc1d7234b9b18aa182,2,"[375, 300]"
0x46f6069475715721a894eede7db206bc13aefc37,6,"[125, 125]"
0x479fd93e990688f226f97ff343011800f4f785cd,2,"[125, 180]"
0x4b9bd2ed0fbfc1574bb61db4230c04aab9b7ac6f,1,[250]
0x4c2d0f9080b4d3299ef51f8684641024522f4549,1,[500]
0x4d827abcd59530718f04206bdf0e1b3ae4e1ec9a,1,[250]
0x4e3cc50553f0d8544a298517844421c7f316ecf1,2,"[180, 180]"
0x5060f298b2169290de5a6fe71e36e157bc453c88,1,[375]
0x518fb3a759197c95c4aa71c9e32245b3782d628e,2,"[180, 300]"
0x5219f98b2a95db2a3d7754fc4bc937d0e0ad1118,1,[300]
0x52c5b32ad45c06a2ccff830a910ed1099b08d9c8,1,[500]
0x530474887e57be53211fd7080050997056553ed0,1,[300]
0x553c1f9ffea88570cdf3782e6088886a8bee56cc,1,[500]
0x579276691c3636d15238c1fc9202e4b2d67de4a0,2,[250]
0x58a75961e48855b1d1ced0e14f305867edbd1275,2,"[125, 375]"
0x5974f9529f3a839fd2c9cc030e4b650d98159a3e,6,"[125, 125]"
0x59c71bc12abadc01a4b26f79a0c8d63a7ec45970,2,"[125, 300]"
0x5a129111585b87e8da72f00b6c438a52ce9bb41e,1,[500]
0x5bd511fdf28c1c873e3d508b9bb5145d5350ee7b,1,[125]
0x5c2a4df2519ad53f61ace7863271169a24dfeca1,2,"[180, 180]"
0x5cbf34fc809618a4c4eaac6c0c56025e54b81b6f,1,[500]
0x5cf6ca52e9b3103e5d987f95c2391799310611e4,1,[300]
0x5d3b1b81f25010fb62948179d7046b407aed9d65,2,"[180, 300]"
0x5d48564bdb86f63d131594890eed59de864c08a5,1,[250]
0x5d6db4626a1be195524cb0955eaf4b4fb8e82ca2,5,"[180, 375]"
0x5d9bafa992a63bc68b1c3b8b6e405d43e6889d44,1,[180]
0x5f386901e0dddfe47ddcff612a39384b9d5f01eb,2,"[180, 125]"
0x5fe93ce62ad18253afedc547637bcd1f168c3bf5,1,[125]
0x600e7541099e639f7d826cb0fe00874720604fbc,1,[180]
0x609d08ee6ab22e413a95173a183e4c022b22c3ba,11,"[180, 125]"
0x611a1bbbd2cc1a7b07acfac4ce8d7b060b34d153,1,[125]
0x61ab6294b5f142f4cf742f1dd1c5bbe06c63d930,1,[180]
0x61be74098e52cda92b20be5a11a1ba11e252a9ad,3,"[250, 125]"
0x621a2a6ac129663ee2c4bc6f19b6c196f9c47af1,1,[250]
0x62f14fe38c1b3203cfbabd4ea49fda5050374db7,2,"[180, 250]"
0x6387111dbb8d0285469df863d9a0b9e7744c8254,1,[125]
0x63ee42c927ab6173a5dad9a3361de45b93cb30e6,1,[375]
0x6459062a2cdc9eb0d48524f122abb667152543ee,1,[250]
0x64ebeb5dc7b57f9255070e6383f7507d7d184718,1,[300]
0x65f057baae12390962df18b3dbd37e797802e6ee,2,"[180, 180]"
0x65fb0ae3a14ec0f9f5c8d95a3bb5d1fd972cc8c2,1,[125]
0x6643c6ba157a5277411dee5fb3793d7a93fa35fa,1,[180]
0x66d04f90e177dbb5bcb3aa478a36f22d8fa0c232,1,[500]
0x67592aa9cf9adde8419ded079f157a4c075a0a78,1,[180]
0x679ff8b061a0f544fa6d66b022ebfb5dfa115fbd,3,"[300, 180]"
0x68f6dc95b6224c88e7c5820471eb06eefad2a178,1,[500]
0x696823f5476b0b51abffd6ef28e437a335eb76f8,1,[180]
0x6ac871973782aacf21e64f9fef8bc2fb5b922cd5,1,[180]
0x6ad3460ba30f8904104e62380a13634e67718be3,17,[125]
0x6b60db1b861ffbe8f2a67fd2b19951543d5e9ccc,1,[125]
0x6bead72f5393652d89fe2ea89b70608b7963acb8,1,[125]
0x6cd01362ad97c772467a7bd91e8f415f7b80ecdd,4,"[125, 300]"
0x6d695ef656ec909bf220d724b1d9f43a7da012c3,2,"[300, 180]"
0x6d9538af56b1a39685a5d86f566d89fbaf1dbc81,5,"[500, 250]"
0x70179b1f94072f480ba630082085b5470be73a1c,1,[250]
0x706e75f1d01cdbe99b44fbc9b3ab35bf39780dfa,1,[125]
0x70ddc5f682117d61cd994d67021089ef961db827,1,[125]
0x70f6ca00a0ecf0e52eae01e2f72e356f0f329b7b,2,"[125, 300]"
0x72700ff1c01cde1503ae9aacca957b386fa58c31,19,"[125, 250]"
0x747193b442084eefff8c3f00144e35dd15844d1f,1,[125]
0x758207014651eb57a8f224430d340222ed5a89ce,1,[125]
0x75a72ca80472f3d1cecdf5cdaa2015b5135e1675,3,"[180, 250]"
0x75f39c5cc96dc37e3d0f6a88fd456f8602153156,1,[180]
0x76065339d326c01f1379a32cc8ba87f402460b21,1,[180]
0x7614328b5031cd655d3fca58784cda8103aca5fa,1,[375]
0x76df801eeac48daddeeb324bf7180d3daaa33cbd,1,[300]
0x76ff5b00509c5e72a520761411656e1a44abb454,1,[375]
0x7815919bd7c2dd00abb1fcba149c1457fadc36a6,1,[375]
0x789bc86cceac3bc321e5faa458c0518535c697c7,3,"[180, 125]"
0x7a95627d7bcc7162582d4370be18522ad5f24330,1,[375]
0x7bca47d9ec71d664083fcddcd9638bb8d2ec5a45,1,[250]
0x7c59ba6b280253cd9d7a5b99427a0e07f965afcf,1,[125]
0x7c9bd0ced5a03d30b2a08aa831e7f10c0ae90dac,6,"[375, 500]"
0x7cf06f2c5fcbae63c8d5c8e5640f7c8f1d8b5b32,1,[375]
0x7dba4492673bba10db53a0152275d48b53f4da60,2,"[180, 375]"
0x7f6ebc7c160d2f8d72caab9d66f432d89777dcc2,1,[375]
0x7fb92189563e19c7109bd5ec1d3387dec0dae5d3,1,[300]
0x7ffd590b6f044a04e0f393987f8261ecde5a1fa1,1,[375]
0x808d4fe945574fa654abfa2bb7d4ca890688dacc,4,"[300, 180]"
0x80f542cdb44195f771561982edc96f0154fb1ea9,1,[125]
0x81404f59f5d76eeeb3cf52bc433d38f2fb85cc4c,4,"[180, 125]"
0x83e85d0108cc8a31ceb3a0ccf23aa1d37eaa7f47,1,[125]
0x840b642718f86a51226094fd9dab3c2836cff41e,1,[250]
0x8473b9e686e3c9f762185a43e046dc412533a186,1,[375]
0x848ffdf657d31aeba3980c4a1c0f6a76b5d5c2dd,2,"[250, 250]"
0x852b87a971d8e935cd858e3b09e081b1e3b5145d,1,[375]
0x85b0397e11a50673919c2fe04bab65db4353a165,1,[300]
0x85b7d75cf35efc7e636fbdf3e82c92c6ceb5ac9d,1,[125]
0x85bcfa5098aaf506d9590dca8de3cff68a2e6ea3,1,[375]
0x85be25d0ef53959db27d42df1f7da57549154d5f,1,[125]
0x8625952fe70fa243d775291f17d4d6ddd339992e,1,[125]
0x86cdf8fb6fcc7697162dc9b6fbaa81e8abc766b7,2,"[125, 375]"
0x87001fe0924b20441d3131631cf0278d35862906,3,"[250, 180]"
0x88b6586b3a8b92cd56a56cbeca6f1d6176d235fc,1,[125]
0x8a21a31bee51a1d0fe075df7af6f3fa549ccb3f0,2,"[300, 250]"
0x8a7a09481eaf5dd1983cb59c6663f55667c090f0,1,[180]
0x8ade75f42a1a075ab865424858760ee81d361741,1,[300]
0x8c193faeb3dd78711bdb5a849c9573432fad1cdd,2,"[125, 500]"
0x8c6f16bd240c3d6ddc4d42be1ffd40748f32040d,3,"[250, 375]"
0x8ce20e35c3a557e782ab435fff71a19410333087,1,[500]
0x8d5a9d058252d26815a7eb53424e8ab2f9f65d66,3,"[125, 250]"
0x8db835a6315217c22457a55c5c1ec35d7f4fbf9d,1,[180]
0x8e30dc2aef957b1f7dd67b1b7bc651ffe7e17a06,4,"[300, 180]"
0x8eee59e87f13cbe3eb6e454025408a93edae6612,1,[125]
0x91effd7377b27d4c3b5928f671664be52178cdee,5,"[125, 250]"
0x9202c70fbe4ef611e2bcab26b6f10c94475e7f6b,4,"[500, 180]"
0x92361a99cfab13a83878dd3f2bfeb7be79373625,1,[300]
0x9254fad610d5af7c2af34532f41dd8c0f9c6871a,1,[300]
0x92d6c06341f66250adf8bce2d58a930a3b847253,4,"[180, 125]"
0x9333f2d9861e367dbf6072bcd55325cc133c6d86,1,[375]
0x936cfcaf6646f559a024f0f8d5f328699bdda25d,2,"[125, 375]"
0x93f49c53f2c556db3b619099f6b5c1f1dd0892d2,1,[180]
0x9655563133dd9696bcc35a41ebe932d326849dd5,1,[180]
0x9656f0073b876baaabe86b1dcbc2ceffeb6b80c4,3,"[250, 125]"
0x96fef57e0db8feb445af555a9a4768e1db142946,11,"[180, 300]"
0x970b8a7183e42d8cb226827b1c1122ade534c772,1,[500]
0x979bba282fc2d9fbc7d38391fefe927a11cd8522,1,[375]
0x993811a7e375e22e22f2c1ab7bfa46ae76212736,1,[180]
0x9a498b54727a20c2f16efff318cd9b7da72f0e8f,1,[250]
0x9c17fb0b58598ea3329542aee86aef3b4be9650a,1,[125]
0x9c49adc1b63a1517f78bcf4f53e7c010b54b80ca,1,[125]
0x9d6bfe2fcaa6e3c0f3a79d7ca7d91a29703c79a5,1,[180]
0x9d8adfa136e3d2849defcbc730482ccde4804768,2,"[250, 125]"
0x9eae5a3819ad2bd007b7cf5c40b26b80a5aaad73,2,"[500, 125]"
0xa09ee279487ff6820884165f941afe6f51d9e8c7,1,[180]
0xa10e7bbd6e5762e8c76db0273ab1d4e0341ad7e4,1,[180]
0xa15310a349e9bc3187c7d4066c05bbde2eae84dd,1,[500]
0xa1a38d65100d23ae2bec8e925605bffe282d0d09,1,[375]
0xa325a99ce99c8356c78e35e7768e3d20f78f59f7,1,[375]
0xa36fbe6b4093535f488e13e38f83378103c484f7,1,[125]
0xa430b0471c5f869306f128dbb5564b956b6b4703,5,"[250, 125]"
0xa562179e0b5d089276c2a16c1731f3e84dd8cdf1,5,"[250, 375]"
0xa694eb164223610c85653f927224f59f287d8da9,1,[250]
0xa6b6bd49ec5a386d62d9900ffc0967bb4f5a9ef4,1,[250]
0xa957b40432520405926284f4aa2b8f86b25cf761,2,"[250, 375]"
0xaa3e416d94e11b9f991bb788080193b16c94f89c,3,"[125, 375]"
0xaaca8c69451442983e84ba5bde55895ce60e1f1f,1,[250]
0xab86bf18ae2e75d2e40574b3521925eb2cdba1f8,1,[180]
0xab8eb6e2d39824ba643078d8d8288ce3287bfcee,7,"[500, 250]"
0xafc93a5edd432cf63a6841c124238dc4b3e24d01,5,"[375, 250]"
0xb07ec928f7ce5f2996eba928c1b64a14efb0a940,2,"[300, 125]"
0xb11f817e02956d3902e99b077a0bee8499e55d5e,1,[375]
0xb2618b6166867fed20f6cefd01fd6edf08786389,1,[180]
0xb27b9f21a94e358c229c8c752ed4452ea529292d,12,"[250, 250]"
0xb2f5d4c7a08ada6c50eae34c0a4b14be3645fbc5,1,[250]
0xb2f983b5761194430726ae6a5462d94b9726eab5,51,"[125, 300]"
0xb55e63439d24b57f12f748d8ef5510bcbca30abc,1,[125]
0xb5cf5250d3d6ffd61da9d8ec103e338f1de00fc4,1,[300]
0xb637f8b662b6b967733a1dce421102d8ea5e4284,3,"[500, 125]"
0xb7300eb6503b91731bdb1ca035847a63b6cf8077,5,"[500, 375]"
0xb738747d62ff073761bd3a986be7d1a58e6984f2,1,[180]
0xb77c2623b85653897ec7fcb38e5a9a111cb4cb43,1,[250]
0xb7ee3ec90520b34099e9b015640a97180c339772,1,[125]
0xb7f5bccb17cacb75538ea2ccdb050a525eeff44e,2,"[125, 250]"
0xba0038ad9906e72c34df871e8e3c3012b32182cc,1,[180]
0xbbaca87124b71a3a3cd29846c7a3ce0c493864e2,1,[125]
0xbcf698366eba7ac11c0f10416259939485fd8e24,1,[125]
0xbe3352ae7c20161d4fb1d0dc2aad099227b5f246,1,[300]
0xbf24293de9eb6b654aff2bec14c74d643c30e38e,7,"[300, 125]"
0xc0ab2ca850e111badcf5b8af44150d7029f51d52,5,"[125, 300]"
0xc0ee6782cb958250bb87efa7e9dd4d900c2de4da,3,"[125, 180]"
0xc2573135e251075b90ade240522b0efc2928a396,1,[250]
0xc304cb0dfa85aa89b8c3bdbb09e8f2d7a9ed16b9,1,[300]
0xc35613c17dadaa5559b79007473e16ec8b4708bd,1,[180]
0xc3673adcad9356f1b91add3d64d1cfe1f5431d7c,1,[180]
0xc3af3933a9a4ed361a8f710a35b15d5f69b91c21,2,"[180, 125]"
0xc470b75bba5272c55b6a022286f447be38f349cd,1,[300]
0xc4890bc98273424a18626772f266c35bf57fa56a,5,"[500, 125]"
0xc4b23f15eeba4ce2254645f956a412d13a6d28ae,1,[250]
0xc5a4c5ac7347c63b3e9c687c53033f555bf05db1,3,"[300, 180]"
0xc73320bd7f4658e34b7c3055c858d3c2e5f5b15e,1,[300]
0xc76221d906f1ab8e1d41a9b3cf4b708e0f240e6b,1,[180]
0xc8558768a86553a691dcf6296dac6e36b4e60598,1,[250]
0xcac78dd16c527b45bb7039e6172c5c3246971f84,1,[125]
0xcb22a9f3acade585082f84ada2df417d110588f9,2,"[500, 250]"
0xcb930c9c984513fb743ad8ea8e9f339835ca7275,1,[180]
0xcba161b4dbf5312d1ea1ba15987951bba58ef24b,1,[250]
0xcd6c653ff9d56155a30a0c4b5bc67c69388271b2,1,[180]
0xcda42d99618b936f45ac79c60bd46e5c9c6b20a5,1,[180]
0xceca12fa26575d93bfd2b1c06021d5191ca66e89,7,"[125, 375]"
0xcf0dc90803bc5186a479373e5e61c77080ffc266,1,[180]
0xd0cf1fa6e318c0fcdbff80376b80793fce560c45,1,[125]
0xd0e3ba6682da35cb3cc7284111af5d16a3d987c6,1,[300]
0xd3de90277272680909f3ddd606b16f0eef1f69ff,22,[250]
0xd47723c6d9864b762541a784a81dbd6e88203065,2,"[125, 125]"
0xd480c1ab69b4768593f150873109ba6a982198f1,1,[250]
0xd588ef03aef19d61bfd6974161513706461059ea,2,"[180, 500]"
0xd5a6e66dce7e0afbe811076b545a0516dac2e356,5,"[375, 180]"
0xd6942003e1447120f301c8fcc9339221b153dc69,1,[300]
0xd815e592f4effcf76b1f4b4eb823c19afd13b5db,1,[250]
0xd870111019df359cdc6ed0b00b471db0cc0c9157,1,[125]
0xd94a01d6cb05388c1008415efae38ea8c5e4ed73,1,[180]
0xd96ceb1036828e29d00fde0b239cf6c72c1afffc,1,[180]
0xd9f82861fedd51dbab8bc5722f1c16e08faf4995,1,[125]
0xdcf179518b5bf6fbfb69f5158b60c9e2058615c1,1,[250]
0xdd018baa4bb7d8ac17044d6e7b8e310b1af3561f,1,[125]
0xe0fe125038decff508d0547086aedf44da43b798,3,"[375, 300]"
0xe1533831573025efc561d1b1f1c5a11dc5553a02,1,[180]
0xe20feaa33fa181a29d2986c396647707fd83b1b4,5,"[300, 250]"
0xe2d8fab30b37e0836fde9b7849e3ad00d73761bb,15,"[250, 500]"
0xe32709f8fd46f5ee785cad8167ebdcf94e2b55ee,1,[180]
0xe36b83dc5e882c308fadeaaa6238c14beeb00d0b,8,"[500, 125]"
0xe50370911942cac71e6f8967f1cc174a43925b70,1,[125]
0xe58f3977f15c28daaa0463720ade94aca13d8024,5,"[125, 250]"
0xe67388578d7c313c267830d35e29fc665d48f353,1,[125]
0xe7d18f6efd2daa953e8c9fd7fba931c25ec14c3d,1,[375]
0xe8b162873baa148699e98887efd5ce86be53468a,1,[125]
0xebc881ff829fdbeb160fbe0aa135e4b6a81a00a6,3,"[125, 180]"
0xecd13baea848535e1ae960d1343b07f102809be5,1,[125]
0xeec5231749905b4536969609733527bfd4cac7ca,1,[125]
0xefa7c7bb39182d3c0c4a6d6622c1d08dc79b954e,4,"[375, 375]"
0xf131dd9e4b573b2ff6d2ceddc9a20399a18299ef,1,[180]
0xf37bdbdcd42d3d1baf2a2a9549222d24c0578c1b,1,[300]
0xf3871f794a7277aa1f2891e125f6fc976ffb6626,9,"[250, 125]"
0xf3f0a7c1a7fd61c37576e5d77350e46f46c2b8ad,1,[300]
0xf489e2ff3ab3773ffce99de0177c9b8e32ced8c3,7,"[125, 500]"
0xf5c75bcef53ab24f53c71622dde45a4834098bd0,2,"[250, 375]"
0xf60bc6475c8ac3952a7e3a74b98d2eb4a6ea2066,2,"[125, 180]"
0xf75729dca43e96dc38f519d1dbefb950ae95a507,1,[250]
0xf82be06b8c02ccad709791a16aeb6bac57e2ebca,2,"[500, 375]"
0xf8a5ef9803787cade641d6f8767e660dc1951319,15,"[300, 180]"
0xf8c2eac03bc272369ab999ea4dbce8a25da250c8,1,[125]
0xf9f58d5d5aae2b05c2259158cb2002ffc364755f,1,[125]
0xfa247b331b5b3fe204ab2c55fc1b730b36fa36b9,6,"[300, 500]"
0xfb1a27e8f869e429c14deeb289563491cbae63d6,1,[375]
0xfb241afe2a2f4d616ec1e54b9874e56366eb3c84,1,[125]
0xfcd75042e8e0d8bbf3374465e705e8c1712f0a1b,2,"[180, 375]"
0xfd3a51fcdcc1474359a1758d16d22dcb94ecf09d,2,"[500, 125]"
0xfec447014eb1b96279d7fef62ea3f8848f99d09d,1,[250]
0xfee8b0b73041342633d1ed184c8a65ad68b178f8,1,[180]
0xff6a4a7a19793b52a51cca9c50c85adfa204a6ee,4,"[375, 125]"
